TradeRepublic_Name,L&S_Name,Region,WKN,ISIN,L&S_URL_ID
MSCI Japan EUR Hedged (Acc),ISHARES MSCI JAPAN EUR HEDGED,Asian Pacific,A1C5E6,IE00B42Z5J44,270423
MSCI China A,ISHARES MSCI CHINA A UCITS ETF,Asian Pacific,A12DPT,IE00BQT3WG13,73817
MSCI EM Asia,CS ETF(IE)ON MSCI EM ASIA,Asian Pacific,A1C1H5,IE00B5L8K969,47609
Nikkei 225 ®,ISHARES NIK225,Asian Pacific,A0H08D,DE000A0H08D2,48737
China Large Cap,I-SHAR CHINA LARGE CAP,Asian Pacific,A0DK6Z,IE00B02KXK85,251439
Dow Jones China Offshore 50,ETF DJ CHINA OFF,Asian Pacific,A0F5UE,DE000A0F5UE8,49544
Asia Property Yield,ISHARES ASIA PROPERTY YIELD UCIT,Asian Pacific,A0LEQL,IE00B1FZS244,257181
MSCI Pacific ex-Japan,ISHARES MSCI PACIFIC EX-JAPAN,Asian Pacific,A0RL8Z,IE00B4WXJD03,262360
MSCI Japan CHF Hedged (Acc),ISHARES MSCI JAPAN CHF,Asian Pacific,A1J78Y,IE00B8J37J31,174357
Dow Jones Asia Pacific Select Dividend 30,ETF DJ ASIA PAC,Asian Pacific,A0H074,DE000A0H0744,44072
MSCI Korea USD (Dist),I-SHAR MSCI KOREA,Asian Pacific,A0HGWD,IE00B0M63391,251448
Nikkei 225,CS ETF(IE)ON NIKKEI 225,Asian Pacific,A0YEDQ,IE00B52MJD48,54395
Core MSCI Pacific ex-Japan,CS ETF(IE)ON MSCI P.EX JP,Asian Pacific,A0YEDR,IE00B52MJY50,49820
MSCI Australia,ISHARES MSCI AUSTRALIA,Asian Pacific,A0YJ80,IE00B5377D42,51671
MSCI Korea USD (Acc),CS ETF(IE)ON MSCI KOREA,Asian Pacific,A1C1H3,IE00B5W4TY14,59627
Emerging Asia Local Govt Bond,ISHARES EMERGING ASIA GOV.,Asian Pacific,A1JTNB,IE00B6QGFW01,262339
MSCI Japan USD Hedged (Acc),ISHARES MSCI JAPAN USD,Asian Pacific,A1W2ES,IE00BCLWRG39,104247
MSCI Japan USD (Dist),I-SHAR MSCI JAPAN,Asian Pacific,A0DK60,IE00B02KXH56,251442
MSCI Taiwan,I-SHAR MSCI TAIWAN,Asian Pacific,A0HGWE,IE00B0M63623,251454
MSCI AC Far East ex-Japan,I-SHAR MSCI FAR EAST EX-JAPAN,Asian Pacific,A0HGV9,IE00B0M63730,251445
Asia Pacific Dividend,I-SHAR ASIA PACIFIC DIVIDEND,Asian Pacific,A0J203,IE00B14X4T88,251451
MSCI AC Far East ex-Japan Small Cap,ISHARES MSCI AC FAR EAST EX-JAPA,Asian Pacific,A0Q1YZ,IE00B2QWDR12,257178
MSCI Japan Small Cap,ISHARES MSCI JAPAN SMALL CAP,Asian Pacific,A0Q1YX,IE00B2QWDY88,48485
Core MSCI Japan IMI,ISHARES CORE MSCI JAPAN,Asian Pacific,A0RPWL,IE00B4L5YX21,262357
MSCI Japan USD (Acc),CS ETF(IE)ON MSCI JAPAN,Asian Pacific,A0YEDV,IE00B53QDK08,58199
MSCI Japan SRI EUR Hedged (Acc),ISHARES MSCI JP SRI EUR-HDG,Asian Pacific,A2AFC1,IE00BYVJRQ85,270678
MSCI Japan SRI,ISHARES MSCI JAPAN,Asian Pacific,A2AUE9,IE00BYX8XC17,378443
Core DAX ®,DAXEX,Germany,593393,DE0005933931,42446
MDAX ®,MDAX EX,Germany,593392,DE0005933923,42539
TecDAX ®,TECDAX EX,Germany,593397,DE0005933972,43658
Pfandbriefe,ISHARESJUMPFANDB,Germany,263526,DE0002635265,44189
DivDAX ®,DIVDAX EX FD,Germany,263527,DE0002635273,43400
eb.rexx ® Government Germany,ISH.EB.REXX GOVERNM.GERM.,Germany,628946,DE0006289465,46667
eb.rexx ® Government Germany 1.5-2.5yr,ISH. EB.R.GOV.GER.1.5-2.5,Germany,628947,DE0006289473,50561
eb.rexx ® Government Germany 2.5-5.5yr,ISH. EB.R.GOV.GER.2.5-5.5,Germany,628948,DE0006289481,56189
eb.rexx ® Government Germany 5.5-10.5 yr,ISH. EB.R.GOV.GER.5.5-10.5,Germany,628949,DE0006289499,55220
eb.rexx ® Government Germany 10.5+ yr,ISH. EB.R.GOV.GER.10.5+,Germany,A0D8Q3,DE000A0D8Q31,50759
eb.rexx ® Money Market,ISH.EB.REXX.MON.MARK.(DE),Germany,A0Q4RZ,DE000A0Q4RZ9,48851
Germany Govt Bond,ISHARES GERMANY GOVERNMENT BOND,Germany,A1JXZG,IE00B5V94313,270321
EURO STOXX,ISH. DJ EURO STOXX (DE),Europa,A0D8Q0,DE000A0D8Q07,56162
Euro Total Market Value Large,IS EO TO.MA.V.L.U.ETF EOD,Europa,A0HGV2,IE00B0M62T89,251460
Dow Jones Global Titans 50,ISH. DJ GLOBAL TITANS 50,Europa,628938,DE0006289382,50006
STOXX Europe 600 Industrial Goods & Services,ISHRS STX600 INDUSTRIAL GOODS & SERVICES,Europa,A0H08J,DE000A0H08J9,51077
EUR Aggregate Bond,ISHARES EURO AGGREGATE BOND,Europa,A0RGEN,IE00B3DKXQ41,262315
STOXX Europe 600 Technology,ISHRS STX600 TECHNOLOGY,Europa,A0H08Q,DE000A0H08Q4,52385
Euro Dividend,I-SHAR EURO DIVIDEND,Europa,A0HGV4,IE00B0M62S72,251466
STOXX Europe 600 Basic Resources,ISHRS STX600 BASIC RESOURCES,Europa,A0F5UK,DE000A0F5UK5,48593
STOXX Europe Large 200,ISHARES DJ STOXX LARGE 200 (DE),Europa,593398,DE0005933980,44375
Corp Bond Large Cap EUR,I-SHAR EURO CORP. BOND LARGE,Europa,778928,IE0032523478,251490
MSCI World Quality Dividend,ISHSII-MSCI WL.QUA.DV.DLD,Europa,A2DRG5,IE00BYYHSQ67,530368
STOXX Europe 600 Real Estate,ISHRS STX600 REAL ESTATE,Europa,A0Q4R4,DE000A0Q4R44,45020
STOXX Europe 600 Food & Beverage,ISHRS STX600 FOOD & BEVERAGE,Europa,A0H08H,DE000A0H08H3,46928
EUR High Yield Corp Bond,ISHARES EUR HIGH YIELD CORP.,Europa,A1C3NE,IE00B66F4759,48554
STOXX Europe 600 Utilities,ISHRS STX600 UTILITIES,Europa,A0Q4R0,DE000A0Q4R02,49262
STOXX Europe 600,ISHARES DJ STOXX 600 (DE),Europa,263530,DE0002635307,43901
STOXX Europe 50,ISHARES DJ STOXX 50 (DE),Europa,593394,DE0005933949,44609
STOXX Europe Mid 200,ISH. DJ STOXX MID 200(DE),Europa,593399,DE0005933998,49700
STOXX Europe Small 200,DJ STOXX 200 SML,Europa,A0D8QZ,DE000A0D8QZ7,46088
Euro Government Bond Capped 1.5-10.5yr,I.MA.IB.EO L.S.C.1.5-10.5,Europa,A0H078,DE000A0H0785,47705
STOXX Europe 600 Financial Services,ISHRS STX600 FINANCIAL SERVICES,Europa,A0H08G,DE000A0H08G5,44492
STOXX Europe 600 Insurance,ISHRS STX600 INSURANCE,Europa,A0H08K,DE000A0H08K7,48035
STOXX Europe 600 Oil & Gas,ISHRS STX600 OIL & GAS,Europa,A0H08M,DE000A0H08M3,44015
STOXX Europe 600 Personal & Household Goods,ISHRS STX600 PERSONAL & HOUSEHOLD GOODS,Europa,A0H08N,DE000A0H08N1,57596
STOXX Europe 600 Retail,ISHRS STX600 RETAIL,Europa,A0H08P,DE000A0H08P6,54191
STOXX Europe 600 Travel & Leisure,ISHRS STX600 TRAVEL & LEISURE,Europa,A0H08S,DE000A0H08S0,52235
STOXX Europe 600 Health Care,ISHRS STX600 HEALTH CARE,Europa,A0Q4R3,DE000A0Q4R36,47249
STOXX Europe 50,IS.II-ISHARES STOXX EU.50,Europa,935926,IE0008470928,55868
Core EURO STOXX 50,IS.II-ISHS EURO STOXX 50,Europa,935927,IE0008471009,47642
EURO STOXX Mid,I-SHAR EURO STOXX MID,Europa,A0DK6Y,IE00B02KXL92,251463
EUR Inflation Linked Govt Bond,ISHARES INFL. GOV. BONDS,Europa,A0HGV1,IE00B0M62X26,49745
EUR Govt Bond 1-3yr,I-SHAR EURO GOVERNMENT BOND 1-3,Europa,A0J205,IE00B14X4Q57,251493
EUR Govt Bond 7-10yr,ISHARES EURO GOVERNMENT BOND 7-1,Europa,A0LGQA,IE00B1FZS806,257217
EUR Convered Bond,ISHARES EURO COVERED BOND,Europa,A0Q41Y,IE00B3B8Q275,262342
EUR Corp Bond ex-Financials,ISHARES EURO CORP EX-FINANCIALS,Europa,A0RPWN,IE00B4L5ZG21,262327
Core EUR Govt Bond,SHARES CORE EURO GOVERNMENT BOND,Europa,A0RL83,IE00B4WXJJ64,262309
Edge MSCI Europe Minimum Volatility,ISHARES EDGE MSCI EUROPE MIN VOL.,Europa,A1J783,IE00B86MWN23,270387
EUR Ultrashort Bond,ISH EUR ULTRA SHRT BOND,Europa,A1W375,IE00BCRY6557,154119
Edge MSCI Europe Momentum Factor,ISHARES MSCI EUROPE MOMENTUM,Europa,A12DPN,IE00BQN1K786,154146
EUR Govt Bond 20 yr Target Duration,ISHARES EURO GOV. BOND 20+YR TARGET DUR. UCITS ETF,Europa,A12HMZ,IE00BSKRJX20,880777
MSCI EMU USD Hedged (Acc),ISHARES MSCI EMU USD,Europa,A14SMA,IE00BWZN1T31,103926
MSCI Europe Quality Dividend,ISHSII-MSCI EU.QUA.DV.EOD,Europa,A2DRG4,IE00BYYHSM20,530446
EUR Corp Bond 0-3yr ESG,ISHARES SUST EUR CORP 0-3Y,Europa,A142NU,IE00BYZTVV78,316936
STOXX Europe Select Dividend 30,ISHARES DJ STOXX SEL. DIV.,Europa,263529,DE0002635299,43871
EURO STOXX Banks 30-15,ISH. EURO STOXX BANKS(DE),Europa,628930,DE0006289309,44564
Dow Jones Eurozone Sustainability Screened,ISH.EURO ST. SUST. 40(DE),Europa,A0F5UG,DE000A0F5UG3,49493
STOXX Europe 600 Banks,ISHRS STX600 BANKS,Europa,A0F5UJ,DE000A0F5UJ7,54587
STOXX Europe 600 Construction & Materials,ISHRS STX600 CONSTRUCTION & MATERIALS,Europa,A0H08F,DE000A0H08F7,42572
STOXX Europe 600 Media,ISHRS STX600 MEDIA,Europa,A0H08L,DE000A0H08L5,59903
EURO STOXX Small,IS EO STOXX SM.U.ETF EOD,Europa,A0DK61,IE00B02KXM00,251469
European Property Yield,I-SHAR EUROP. PROPERTY YIELD,Europa,A0HGV5,IE00B0M63284,251472
MSCI Europe ex-UK,IS MSCI EU.XUK U.ETF EOD,Europa,A0J204,IE00B14X4N27,251511
EUR Govt Bond 15-30yr,ISHARES EURO GOVERNMENT BOND 15-,Europa,A0LGP5,IE00B1FZS913,257220
EUR Govt Bond 1-3yr EUR (Acc),CS ETF(IE)IB.EUR GOV.1-3,Europa,A0X8SK,IE00B3VTMJ91,49703
EUR Govt Bond 7-10yr EUR (Acc),CS ETF(IE)IB.EUR GOV.7-10,Europa,A0X8SM,IE00B3VTN290,47504
MSCI Europe EUR (Acc),ISHARES MSCI EUROPE (ACC),Europa,A0RPWG,IE00B4K48X80,50297
EUR Corp Bond ex-Financials 1-5yr,ISHARES EURO CORP. EX-FIN 1-5Y,Europa,A0RPWP,IE00B4L5ZY03,262324
EUR Govt Bond 5-7yr,ISHARES EURO GOV. BOND 5-7Y,Europa,A0RL81,IE00B4WXJG34,262336
MSCI Europe SRI,iShares MSCI Europe SRI UCITS ETF,Europa,A1H7ZS,IE00B52VJ196,259634
Core EURO STOXX 50,CS ETF(IE)ON D.J.EO ST.50,Europa,A0YEDJ,IE00B53L3W79,53954
MSCI EMU,CS ETF(IE)ON MSCI EMU,Europa,A0YEDX,IE00B53QG562,53093
MSCI EMU Mid Cap,ISIV-MSCI EMUMC.U.ETF EOA,Europa,A1W370,IE00BCLWRD08,530443
MSCI EMU Large Cap,ISHARES MSCI EMU LARGE,Europa,A1W37Z,IE00BCLWRF22,49415
Edge MSCI Europe Quality Factor,ISHARES MSCI EUROPE QUALITY,Europa,A12DPM,IE00BQN1K562,154140
Edge MSCI Europe Value Factor,ISHARES MSCI EUROPE VALUE,Europa,A12DPP,IE00BQN1K901,154143
Edge MSCI Europe Size Factor,ISHARES MSCI EUROPE SIZE,Europa,A12DPQ,IE00BQN1KC32,154137
EUR Corp Bond BBB-BB,ISHARES EURO CORP. BOND BBB-BB,Europa,A12HSP,IE00BSKRK281,262321
Edge MSCI Europe Multifactor,ISHARES FACTORSELECT MSCI EU,Europa,A14YPB,IE00BZ0PKV06,155472
EURO STOXX Select Dividend 30,DJ SX5E DIV 30EX,Europa,263528,DE0002635281,43391
EURO STOXX 50,DJ EU STOXX50EX,Europa,593395,DE0005933956,58361
STOXX Europe 600 Chemicals,ISHRS STX600 CHEMICALS,Europa,A0H08E,DE000A0H08E0,59534
STOXX Europe 600 Telecommunications,ISHRS STX600 TELECOMMUNICATIONS,Europa,A0H08R,DE000A0H08R2,54128
STOXX Europe 600 Automobiles & Parts,ISHRS STX600 AUTOMOBILES & PARTS,Europa,A0Q4R2,DE000A0Q4R28,43031
Euro Total Market Growth Large,IS EO.TO.MA.G.L.U.ETF EOD,Europa,A0HGV3,IE00B0M62V02,251457
MSCI Eastern Europe Capped,ISHS-MSCI EAST.EUR.C.DL D,Europa,A0HGWB,IE00B0M63953,251505
EUR Govt Bond 3-5yr,ISHARES EURO GOVERNMENT BOND 3-5,Europa,A0LGP6,IE00B1FZS681,257214
MSCI Europe EUR (Dist),ISHARES MSCI EUROPE,Europa,A0MZWQ,IE00B1YZSC51,49781
Core EUR Corp Bond,ISHARES CORE EURO CORP.,Europa,A0RGEP,IE00B3F81R35,44489
EUR Govt Bond 0-1yr,ISHSIII-EO G.BD 0-1YR EOD,Europa,A0RGEL,IE00B3FH7618,262330
EUR Govt Bond 3-7yr,CS ETF(IE)IB.EUR GOV.3-7,Europa,A0X8SL,IE00B3VTML14,52010
MSCI EMU Small Cap,CS ETF(IE)MSCI EMU SM.CAP,Europa,A0X8SE,IE00B3VWMM18,44939
EUR Corp Bond 1-5yr,ISHARES EURO CORPORATE BOND 1-5YR,Europa,A0RPWQ,IE00B4L60045,262318
EUR Govt Bond 10-15yr,ISHARES EURO GOV. BOND 10-15Y,Europa,A0RL82,IE00B4WXJH41,262333
EUR Corp Bond Interest Rate Hedged,ISHARES EURO CORPORATE BOND INTEREST RATE HEDGED,Europa,A1J5ST,IE00B6X2VY59,880201
EUR Corp Bond Financials,ISHARES EURO CORP BOND FIN,Europa,A1T94L,IE00B87RLX93,270306
EURO STOXX 50 ex-Financials,ISH ESTX EX FINAN,Europa,A1W8RE,IE00BD5J2G21,52028
France Govt Bond,ISHARES FRANCE GOVERNMENT BOND,France,A1JXZF,IE00B7LGZ558,270333
MSCI France,MSCI FRANCE UCITS ETF,France,A12ATD,IE00BP3QZJ36,154134
MSCI World,ISHARES MSCI WORLD,Global,A0HGV0,IE00B0M62Q58,42578
Core MSCI World,ISHARES MSCI WORLD (Acc),Global,A0RPWH,IE00B4L5Y983,44039
Gold Producers,ISHARES GOLD PRODUCERS,Global,A1JKQJ,IE00B6R52036,270345
Core MSCI EM IMI (Acc),ISHARES MSCI EMERGIN MARKETS IMI,Global,A111X9,IE00BKM4GZ66,49598
Global Water,ISHARES GLOBAL WATER UCITS ETF I,Global,A0MM0S,IE00B1TXK627,257697
Oil & Gas Exploration & Production,ISHARES OIL & GAS EXPLORATION & PRODUCTION,Global,A1JKQL,IE00B6R51Z18,270348
Edge MSCI World Minimum Volatility,ISHARES EDGE MSCI WORLD MIN VOL.,Global,A1J781,IE00B8FHGS14,270963
Automation & Robotics,ISHARES AUTOMATION & ROBOTICS,Global,A2ANH0,IE00BYZK4552,329641
Digitalisation,ISHARES DIGITALISATION,Global,A2ANH3,IE00BYZK4883,329644
Edge MSCI World Quality Factor,MSCI WORLD QUALITY FACTOR UCITS ETF,Global,A12ATE,IE00BP3QZ601,154149
MSCI EM USD (Dist),ISHARES MSCI EMER. MARK.,Global,A0HGWC,IE00B0M63177,48803
MSCI EM Consumer Growth,ISHSV-MSCI EM CO.GWTH DLA,Global,A111YA,IE00BKM4H197,270360
Global Clean Energy,ISHARES GLOBAL CLEAN ENERGY UCIT,Global,A0MW0M,IE00B1XNHC34,257166
Fallen Angels High Yield Corp Bond,ISHARES HIGH YIELD CORP,Global,A2AFCX,IE00BYM31M36,378503
Developed Markets Property Yield,ISHARES DEVELOPED MARKETS PROPER,Global,A0LEW8,IE00B1FZS350,257193
MSCI EM Islamic,ISHARES MSCI EMERGING MARKETS IS,Global,A0NA47,IE00B27YCP72,257169
EM Infrastructure,ISHARES EMERGING MARKET INFRASTR,Global,A0NECV,IE00B2NPL135,257172
Global Govt Bond,ISHARES GLOBAL GOV. BOND,Global,A0RGEM,IE00B3F81K65,262348
MSCI World GBP Hedged (Acc),ISHARES MSCI WORLD GBP HEDGED,Global,A1C5E8,IE00B42YS929,380141
Physical Silver ETC,ISHARES PHYS.MET.O.END ZT,Global,A1KWPR,IE00B4NCWG09,381098
Dow Jones Global Sustainability Screened,ISHARES DOW JONES GLOBAL SUSTAIN,Global,A1H7ZT,IE00B57X3V84,259638
EM Dividend,ISHARES EMERGING MARKETS DIVIDEND,Global,A1JNZ9,IE00B652H904,270354
MSCI ACWI,ISHARES MSCI ACWI,Global,A1JMDF,IE00B6R52259,270966
J.P. Morgan USD EM Corp Bond,ISHARES $ EMERGING MARKETS CORPORATE BOND,Global,A1JWS3,IE00B6TLBW47,270654
Global Corp Bond,I-SHAR GLOBAL CORP. BOND,Global,A1J0YD,IE00B7J7TB45,251481
Global Aggregate Bond,ISHARES GLOBAL AGGREGATE,Global,A2H6ZT,IE00BDBRDM35,553959
Edge MSCI World Value Factor,MSCI WORLD VALUE FACTOR UCITS ETF,Global,A12ATG,IE00BP3QZB59,154155
Edge MSCI World Size Factor,MSCI WORLD SIZE FACTOR UCITS ETF,Global,A12ATH,IE00BP3QZD73,154152
MSCI EM SRI,ISHARES SUST MSCI EM SRI,Global,A2AFCZ,IE00BYVJRP78,317152
Healthcare Innovation,ISHARES HEALTHCARE INNOVATION,Global,A2ANH2,IE00BYZK4776,329647
Edge MSCI World Multifactor,ISHARES FACTORSELECT MSCI WORLD UCITS ETF,Global,A14YPA,IE00BZ0PKT83,163605
STOXX Global Select Dividend 100,ISHARES DJ STOXX GLOBAL SELECT DIVIDEND 100 (DE),Global,A0F5UH,DE000A0F5UH1,879880
Global Infrastructure,ISHARES GLOBAL INFRASTRUCTURE UC,Global,A0LEW9,IE00B1FZS467,257190
Listed Private Equity,ISHARES LISTED PRIVATE EQUITY UC,Global,A0MM0N,IE00B1TXHL60,257184
J.P. Morgen USD EM Bond,ISHARES J.P. MORGAN $ EMERGING M,Global,A0NECU,IE00B2NPKV68,257208
MSCI World EUR Hedged (Acc),ISHARES MSCI WORLD EUR HEDGED,Global,A1C5E7,IE00B441G979,270960
Physical Palladium,ISHARES PHYS.MET.O.END ZT,Global,A1KWPT,IE00B4556L06,381092
J.P. Morgan EM Local Govt Bond,ISHARES EMERGING MARKETS GOV.,Global,A1JADV,IE00B5M4WH52,262312
Global AAA-AA Govt Bond,ISHARES GLOBAL AAA-AA GOVERNMENT BOND,Global,A1J40N,IE00B87G8S03,270342
J.P. Morgan USD EM Bond EUR Heged (Dist),ISHARES J. P. MORGAN $ EM BOND EUR HEDGE,Global,A1W0MQ,IE00B9M6RS56,270303
Global Corp Bond EUR Hedged (Dist),ISHARES GLOBAL CORP EUR HEDGE,Global,A1W02Q,IE00B9M6SJ31,270309
Edge MSCI World Momentum Factor,MSCI WORLD MOMENTUM FACTOR UCITS ETF,Global,A12ATF,IE00BP3QZ825,162771
Edge MSCI World Minimum Volatility,ISHARES MSCI WORLD MINVOL,Global,A2DN90,IE00BYXPXL17,454842
Diversified Commodity Swap,ISHARES DJ-UBS COMMO.SWAP,Global,A0H072,DE000A0H0728,42623
BRIC 50,ISHARES BRIC 50 UCITS ETF IE00B1,Global,A0MR61,IE00B1W57M07,257175
Global Timber & Forestry,ISHARES GLOBAL TIMBER & FORESTRY,Global,A0M59G,IE00B27YCF74,257700
MSCI World Islamic,ISHARES MSCI WORLD ISLAMIC UCITS,Global,A0NA46,IE00B27YCN58,259636
Global Inflation Linked Govt Bond,ISHARES GLOBAL INFLATION LINKED GOVERNMENT BOND,Global,A0Q41X,IE00B3B8PX14,262345
MSCI EM Small Cap,ISHARES MSCI EM SMALL CAP,Global,A0RGER,IE00B3F81G20,262366
MSCI EM USD (Acc),ISHARES MSCI EMERGING MARKETS,Global,A0RPWJ,IE00B4L5YC18,262363
UK Property,ISHARES UK PROPERTY,UK,A0MZWN,IE00B1TXLS18,380132
MSCI UK Small Cap,CS ETF(IE)MSCI UK SMA.CAP,UK,A0X8R9,IE00B3VWLG82,48068
MSCI UK,CS ETF(IE)ON MSCI UK,UK,A0YEDT,IE00B539F030,42509
Core FTSE 100,ISHARES FTSE100,UK,552752,IE0005042456,99978
Core GBP Corp Bond,ISHARES CORE £ CORPORATE BOND,UK,A0DKL3,IE00B00FV011,380111
FTSE 250,ISHARES FTSE 250,UK,A0CA55,IE00B00FV128,380129
UK Dividend,I-SHAR UK DIVIDEND,UK,A0HGV6,IE00B0M63060,251496
Core UK Gilts,ISHARES CORE UK GILTS,UK,A0LGP9,IE00B1FZSB30,380108
GBP Index-Linked Gilts,ISHARES £ INDEX-LINKED GILTS,UK,A0LGP7,IE00B1FZSD53,380117
FTSE 100,CS ETF(IE)ON FTSE 100,UK,A0YEDM,IE00B53HP851,43961
MSCI Target UK Real Estate,ISHARES MSCI UK REAL ESTATE,UK,A12DPU,IE00BRHZ0398,262375
TA-35 Israel,ISHARES ISRAEL,Israel,A140SM,IE00BP3QZG05,380147
FTSE MIB EUR (Acc),CS ETF(IE)ON FTSE MIB,Italy,A0YEDP,IE00B53L4X51,51944
FTSE MIB EUR (Dist),ISHARES FTSE MIB (DIST),Italy,A0MZWP,IE00B1XNH568,380135
Italy Govt Bond,ISHARES ITALY GOVERNMENT BOND,Italy,A1JXZH,IE00B7LW6Y90,270327
MSCI Brazil USD (Dist),I-SHAR MSCI BRAZIL,Latin America,A0HGWA,IE00B0M63516,251514
MSCI Mexico Capped,CS ETF(IE)ON MSCI MEX.C.,Latin America,A1C1H0,IE00B5WHFQ43,49862
MSCI EM Latin America,ISHARES MSCI EM LATIN AMERICA UC,Latin America,A0NA45,IE00B27YCK28,257187
MSCI South Africa,ISHARES MSCI SOUTH AFRICA UCITS ETF,Middle East and Africa,A0YJ8Y,IE00B52XQP83,83766
AEX,ISHARES AEX,Netherlands,A0HGWF,IE00B0M62Y33,380138
Core S&P 500,CS ETF(IE)ON S+P 500,North America,A0YEDG,IE00B5BMR087,42965
NASDAQ-100 ®,ETF NASDAQ100,North America,A0F5UF,DE000A0F5UF5,42380
S&P 500 Consumer Staples Sector,ISHARES S&P CONSUMER,North America,A142NW,IE00B40B8R38,378467
S&P 500 Industrials Sector,ISHARES S&P INDUSTRIALS,North America,A142N0,IE00B4LN9N13,378464
S&P 500 Information Technology Sector,ISHARES S&P500 INFORMATION TECH.,North America,A142N1,IE00B3WJKG14,196083
Dow Jones U.S. Select Dividend,ISH. DJ U.S. SEL. DIVID.,North America,A0D8Q4,DE000A0D8Q49,43013
S&P 500 Financials Sector,ISHARES S&P500 FINANCIALS SECTOR,North America,A142NY,IE00B4JNQZ49,196107
Edge MSCI USA Quality Factor,ISHARES MSCI USA QLY,North America,A2AP34,IE00BD1F4L37,378461
Corp Bond USD,I-SHAR $ CORP. BOND,North America,911950,IE0032895942,251475
MSCI North America,I-SHAR MSCI NORTH AMERICA,North America,A0J201,IE00B14X4M10,251508
USD Treasury Bond 7-10yr,ISHARES $ TREASURY BOND 7-10YR U,North America,A0LGP4,IE00B1FZS798,257211
USD TIPS,ISHARES TIPS UCITS,North America,A0LGP8,IE00B1FZSC47,46637
MSCI USA Islamic,ISHARES MSCI USA ISLAMIC UCITS E,North America,A0NA48,IE00B296QM64,257199
S&P 500 Consumer Discretionary Sector,ISHARES S&P500 CONSUMER DISCR.,North America,A142NV,IE00B4MCHD36,196119
S&P 500 Materials Sector,ISHARES S&P MATERIALS,North America,A142N2,IE00B4MKCJ84,378446
Dow Jones Industrial Average,CS ETF(IE)ON D.J.IND.AVE,North America,A0YEDK,IE00B53L4350,51995
Edge S&P 500 Minimum Volatility,ISHARES EDGE S&P 500 MIN VOL.,North America,A1J784,IE00B6SPMN59,270717
Edge MSCI USA Size Factor,ISHARES MSCI USA SIZE,North America,A2AP33,IE00BD1F4K20,378470
Edge MSCI USA Value Factor,ISHARES MSCI USA VALUE,North America,A2AP35,IE00BD1F4M44,378452
Edge MSCI USA Momentum Factor,ISHARES MSCI USA MOMENTUM,North America,A2AP36,IE00BD1F4N50,378440
USD TIPS 0-5,ISHARES $ TIPS 0-5,North America,A2DKPQ,IE00BDQYWQ65,454839
USD Intermediate Credit Bond,ISHARES $ INTERMEDIATE,North America,A2DKPP,IE00BDQZ5152,454836
US Equity Buyback Achievers,ISHARES US EQUITY BUYBACKS ACHIEVERS,North America,A12DPR,IE00BQT3VN15,163614
MSCI USA SRI,ISHARES SUST MSCI USA SRI,North America,A2AFC0,IE00BYVJRR92,316867
Core S&P 500,ISHARES S&P 500,North America,622391,IE0031442068,43715
US Property Yield,ISHARES US PROPERTY YIELD UCITS,North America,A0LEW6,IE00B1FZSF77,257196
S&P 500 Energy Sector,ISHARES S&P500 ENERGY SECTOR,North America,A142NX,IE00B42NKQ00,196110
S&P 500 Health Care Sector,ISHARES S&P500 HEALTHCARE SECTOR,North America,A142NZ,IE00B43HR379,196116
US Aggregate Bond,ISHARES US AGGREGATE BOND UCITS,North America,A1JKDK,IE00B44CGS96,257205
USD High Yield Corp Bond,ISHARES $ HIGH YIELD CORP.,North America,A1H5UN,IE00B4PY7Y77,49685
MSCI Canada,CS ETF(IE)ON MSCI CANADA,North America,A0YEDS,IE00B52SF786,49610
USD Corp Bond Intetest Rate Hedged,IS DL C.B.I.R.H.U.ETF DLD,North America,A1W37Y,IE00BCLWRB83,251487
USD Short Duration Corp Bond,ISH USD SHORT BOND,North America,A1W372,IE00BCRY5Y77,154122
USD Short Duration High Yield Corp Bond,ISH USD SHRT DURA. HIGH YIELD,North America,A1W373,IE00BCRY6003,154128
USD Ultrashort Bond,ISH USD ULTRA SHRT BOND,North America,A1W374,IE00BCRY6227,154131
USD Treasury Bond 20+yr,ISHARES TREASURY BOND 20+ YR,North America,A12HL9,IE00BSKRJZ44,154125
Edge MSCI USA Multifactor,ISHARES FACTORSELECT MSCI USA UCITS ETF,North America,A14YN9,IE00BZ0PKS76,163617
Dow Jones Industrial Average,ISH. DJ INDUSTRIAL AVER.,North America,628939,DE0006289390,43571
USD Treasury Bond 1-3yr,I-SHAR $ TREASURY BOND 1-3YR,North America,A0J202,IE00B14X4S71,251478
S&P SmallCap 600,ISHARES S&P SMALL CAP 600,North America,A0Q1YY,IE00B2QWCY14,262369
MSCI USA Small Cap,CS ETF(IE)MSCI USA SM.CAP,North America,A0X8SB,IE00B3VWM098,44474
S&P 500 EUR Hedged (Acc),ISHARES S&P 500 HEDGED,North America,A1C5E9,IE00B3ZW0K18,270705
S&P 500 Utilities Sector,ISHARES S&P UTILITIES,North America,A142N3,IE00B4KBBD01,378449
MSCI USA,CS ETF(IE)ON MSCI USA,North America,A0YEDU,IE00B52SFT06,60233
NASDAQ 100,CS ETF(IE)ON NASDAQ 100,North America,A0YEDL,IE00B53SZB19,48380
MSCI USA Quality Dividend,ISHARES USA DIV IQ,North America,A111YB,IE00BKM4H312,51824
Edge S&P 500 Minimum Volatility,ISHARES EDGE S&P 500 MIN VOLEUR HED,North America,A2AUE8,IE00BYX8XD24,380144
US Mortgage Backend Securities,ISHARES US MORTGAGE BACKED SECURITIES,North America,A2AGYT,IE00BZ6V7883,378509
MSCI Poland,ISHARES MSCI POLAND,Poland,A1H5UP,IE00B4M7GH52,270384
MSCI Russia ADR/GDR,CS ETF(IE)ON MSCI RUSSIA,Russia,A1C1HV,IE00B5V87390,44171
SLI,ISHARES SLI (DE),Switzerland,593396,DE0005933964,43058
Spain Govt Bond,ISHARES SPAIN GOVERNMENT BOND,Spain,A1JXZK,IE00B428Z604,270318
MSCI Turkey,ISHARES MSCI TURKEY UCITS ETF IE,Turkey,A0LEW5,IE00B1FZS574,257202
ATX,ISHARES ATX (DE),Österreich,A0D8Q2,DE000A0D8Q23,52556
3x Long Wheat,ETFS 3X DAILY LONG WHEAT,Commodities,A17X8F,JE00BYQY8102,207537
Soybeans,ETFS SOYBOHNEN,Commodities,A0KRJ7,DE000A0KRJ77,43502
Sugar,ETFS SUGAR,Commodities,A0KRJ8,DE000A0KRJ85,42722
Copper,ETFS COPPER,Commodities,A0KRJU,DE000A0KRJU0,59873
Wheat,OD7S ETFS WHEAT,Commodities,A0KRJ9,DE000A0KRJ93,59906
Physical Precious Metal Basket,ETFS METSEC BSK,Commodities,A0N62H,DE000A0N62H8,47234
Natrual Gas,ETFS NATRUAL GAS,Commodities,A0KRJ3,DE000A0KRJ36,54482
Nickel,NICKEL,Commodities,A0KRJ4,DE000A0KRJ44,54098
ETFS Silver,SILVER,Commodities,A0KRJ5,DE000A0KRJ51,44456
Soybean Oil,ETFS SOYA OIL,Commodities,A0KRJ6,DE000A0KRJ69,50618
Corn,OD7S ETFS CORN,Commodities,A0KRJV,DE000A0KRJV8,53465
WTI Crude Oil,WTICRUDEOIL,Commodities,A0KRJX,DE000A0KRJX4,42656
Gasoline,ETFS GASOLINE,Commodities,A0KRJY,DE000A0KRJY2,48986
Zinc,ZINC,Commodities,A0KRKA,DE000A0KRKA0,54104
Energy,ENERGYDJ-UBSCISM,Commodities,A0KRKD,DE000A0KRKD4,44264
Petroleum,PETROLEUMDJ-UBSCISM,Commodities,A0KRKJ,DE000A0KRKJ1,54425
WTI Oil 2mth,ETF WTI OIL,Commodities,A0KRKN,DE000A0KRKN3,47261
Gold Bullion Securities,GOLDBULLIONSECURITIES,Commodities,A0LP78,DE000A0LP781,46790
Physical Silver,ETFS METSEC SILV,Commodities,A0N62F,DE000A0N62F2,52127
Longer Dated All Commodities,FORWARDALLCOMMODITIESDJ-UBSCI-F3SM,Commodities,A0SVX3,DE000A0SVX34,54863
Longer Dated Industrial Metals,FORWARDINDUSTRIALMETALSDJ-UBSCI-F3SM,Commodities,A0SVX7,DE000A0SVX75,44162
Short Gold,SHORT GOLD,Commodities,A0V9X0,DE000A0V9X09,43241
Short Natrual Gas,SHORTNATRUALGAS,Commodities,A0V9X4,DE000A0V9X41,49847
Short Nickel,SHORTNICKEL,Commodities,A0V9X5,DE000A0V9X58,51332
Short WTI Crude Oil,SHORT CRUDE OIL,Commodities,A0V9XY,DE000A0V9XY2,50954
2x Daily Long Silver,LEVERGAED SILVER,Commodities,A0V9Y5,DE000A0V9Y57,43073
2x Long Copper,ETFS COPPER 2X LONG,Commodities,A0V9YU,DE000A0V9YU8,53417
2x Long Platinum,LEVERGAED PLATINUM,Commodities,A0V9ZC,DE000A0V9ZC3,59678
Physical Swiss Gold,PYHSICALSWISSGOLD,Commodities,A1DCTL,DE000A1DCTL3,58139
Longer Dated Brent Crude,ETFS COM.SEC.Z12/UN.INDEX,Commodities,A1N49Q,DE000A1N49Q4,49205
Agriculture EUR Hedged,EURDAILYHEDGEDAGRICULTUREDJ-UBSEDSM,Commodities,A1NZLJ,DE000A1NZLJ4,49091
WTI Crude Oil EUR Hedged,EURDAILYHEDGEDWTICRUDEOIL,Commodities,A1NZLM,DE000A1NZLM8,52781
Gold EUR Hedged,EURDAILYHEDGEDGOLD,Commodities,A1NZLN,DE000A1NZLN6,53801
Previous Metals EUR Hedged,EURDAILYMEDGEDPRECIOUSMETALDJ-UBSEDSM,Commodities,A1NZLQ,DE000A1NZLQ9,58244
2x Daily Long Natrual Gas,LEVERAGEDNATRUALGAS,Commodities,A2BDED,DE000A2BDED2,249420
Short Industrial Metals,ETFS SHORT INDUSTRIAL ME,Commodities,A0V6ZB,JE00B24DKZ36,91377
3x Short Nickel,ETFS 3X DAILY SHORT NICKEL,Commodities,A2AUT9,JE00BYQY5Q48,207558
3x Long Nickel,ETFS 3X DAILY LONG NICKEL,Commodities,A2AUUA,JE00BYQY5X15,207543
3x Long Sugar,ETFS 3X DAILY LONG SUGAR,Commodities,A2AUT8,JE00BYQY7H96,207516
Aluminum,ALUMINIUM,Commodities,A0KRJS,DE000A0KRJS4,49220
Cotton,COTTON,Commodities,A0KRJW,DE000A0KRJW6,54764
Gold,GOLD,Commodities,A0KRJZ,DE000A0KRJZ9,44450
All Commoditis,ALLCOMMODITIESDJ-UBSCISM,Commodities,A0KRKC,DE000A0KRKC6,56792
Grains,GRAINSDJ-UBSCISM,Commodities,A0KRKF,DE000A0KRKF9,48290
Precious Metals,COMMODITY-PRECIOUSMETALSDJ-UBSCISM,Commodities,A0KRKK,DE000A0KRKK9,57917
Softs,SOFTSDJ-UBSCISM,Commodities,A0KRKL,DE000A0KRKL7,59021
Brent Oil 1 MTH,ETF BRENT OIL,Commodities,A0KRKM,DE000A0KRKM5,42644
Physical Platinum,ETFS METSEC PLAT,Commodities,A0N62D,DE000A0N62D7,57125
Longer Dated Agriculture,FORWARDAGRICULTUREDJ-UBSCI-F3SM,Commodities,A0SVX8,DE000A0SVX83,51464
2x Daily Long Sugar,LEVERGAEDSUGAR,Commodities,A0V9Y8,DE000A0V9Y81,53849
2x Long Coffee,LEVERAGEDCOFFEE,Commodities,A0V9YT,DE000A0V9YT0,52019
2x Long Gold,LEVERAGED GOLD,Commodities,A0V9YZ,DE000A0V9YZ7,43760
Copper EUR Hedged,EURDAILYHEDGEDCOPPER,Commodities,A1NZLL,DE000A1NZLL0,57551
Natrual Gas EUR Hedged,EURDAILYHEDGEDNATRUALGAS,Commodities,A1NZLP,DE000A1NZLP1,49724
Wheat EUR Hedged,EURDAILYHEDGEDWHEAT,Commodities,A1NZLS,DE000A1NZLS5,50729
DJ ex Agriculture and Livestock,ETFS EX-AGRICULTURE AND LIVESTOCK DJ,Commodities,A1RX1P,DE000A1RX1P2,54407
Energy EUR Hedged,ETFS EUR DAILY HEDGED ENERGY,Commodities,A1Y7Y3,DE000A1Y7Y36,80661
2x Daily Long WTI Crude Oil,LEVERAGED CRUDE OIL,Commodities,A2BDEB,DE000A2BDEB6,249414
Diversified Commodity Swap,ISHS VI-DIV.COM.S.U.ETF,Commodities,A2DK6R,IE00BDFL4P12,688468
Heating Oil,ETFS HEATING OIL,Commodities,A0KRJ0,DE000A0KRJ02,47837
Coffee,OD7B ETFS COFFEE,Commodities,A0KRJT,DE000A0KRJT2,57593
Industrials Metals,INDUSTRIALMETALDJ-UBSCISM,Commodities,A0KRKG,DE000A0KRKG7,49511
Physical Gold,ETFS METSEC GOLD,Commodities,A0N62G,DE000A0N62G0,54842
Longer Dated Energy,FORWARDENERGYDJ-UBSCI-F3SM,Commodities,A0SVX4,DE000A0SVX42,43451
Short Silver,SHORT SILVER,Commodities,A0V9X6,DE000A0V9X66,50513
2x Daily Long Agriculture,LEVERAGEDAGRICULTUREDJ-UBSCISM,Commodities,A0V9YG,DE000A0V9YG7,52838
2x Daily Long Corn,LEVERAGEDCORN,Commodities,A0V9YV,DE000A0V9YV6,55064
2x Daily Long Cocoa,ETFS COCOA 2X LONG,Commodities,A0V9ZE,DE000A0V9ZE9,45233
Silver EUR Hedged,EURDAILYHEDGEDSILVER,Commodities,A1NZLR,DE000A1NZLR7,47312
Physical Gold EUR Hedged,EUR DAILY HEDGED PHYSICAL GOLD,Commodities,A1RX99,DE000A1RX996,44348
2x Daily Long Wheat,LEVERAGEDWHEAT,Commodities,A2BDEA,DE000A2BDEA8,249411
2x Daily Long Nickel,LEVERAGEDNICKEL,Commodities,A2BDEC,DE000A2BDEC4,249417
Brent Oil 3yr,ETFS BRENT 3YR,Commodities,A0S6L9,JE00B1YP7409,241053
WTI 3yr,ETFS WTI 3YR,Commodities,A0S6L6,JE00B1YPB936,241056
Short Copper,ETFS SHORT COPPER,Commodities,A0V6YR,JE00B24DK645,91389
Short All Commodities,ETFS SHORT ALL COMMODITI,Commodities,A0V3WV,JE00B24DKT75,91404
2x Long Aluminium,ETFS LEV ALUMINIUM,Commodities,A0V6ZV,JE00B2NFTC05,91359
All Commodities EUR Hedged,ETFS EUR DAILY ALL COMMODITIES,Commodities,A1NZLK,DE000A1NZLK2,56081
Industrial Metal EUR Hedged,ETFS INDU. METAL DAILY HEDGED,Commodities,A1PCKA,JE00B78NPW60,227616
3x Long Coffee,ETFS 3X DAILY LONG COFFEE,Commodities,A17W84,JE00BYQY3Z98,207534
5x Short USD Long EUR,ETFS 5X SHORT USD LONG EUR,Leveraged,A12Z32,DE000A12Z322,45212
5x Long GBP Short EUR,ETFS 5X LONG GBP SHORT EUR,Leveraged,A13X4H,JE00BMM1X163,245256
5x Long USD Short EUR,ETFS 5X LONG USD LONG EUR,Leveraged,A12Z31,DE000A12Z314,42650
MSCI EMU ESG (Dist),ISHSIV-MSCI EMU ESG S.EOD,Savings plan,A2N48C,IE00BFNM3C07,767506
MSCI Europe ESG (Dist),ISHSIV-MSCI EUR ESG S.EOD,Savings plan,A2N48E,IE00BFNM3F38,767512
MSCI USA ESG (Acc),ISHSIV-MSCI USA ESG S.DLA,Savings plan,A2N6TB,IE00BFNM3G45,767515
MSCI USA ESG (Dist),ISHSIV-MSCI USA ESG S.DLD,Savings plan,A2N6TC,IE00BFNM3H51,767518
MSCI World ESG (Acc),ISHSIV-MSCI WLD ESG S.DLA,Savings plan,A2N6TD,IE00BFNM3J75,767521
MSCI Japan ESG (Acc),ISHSIV-MSCI JAP.ESG S.DLA,Savings plan,A2N6TF,IE00BFNM3L97,767527
MSCI Japan ESG (Dist),ISHSIV-MSCI JAP.ESG S.DLD,Savings plan,A2N6TG,IE00BFNM3M05,767530
MSCI World ESG Enhanced (Dist),ISIV-MWEEUETF DLD,Savings plan,A2PDNV,IE00BG11HV38,889455
MSCI Japan ESG Enhanced (Dist),ISIV-MJEEUETF DLD,Savings plan,A2PDNT,IE00BHZPJ346,889482
MSCI Japan ESG Enhanced (Acc),ISHSIV-M.JPN ESC ENH.DLA,Savings plan,A2PCB2,IE00BHZPJ452,889485
MSCI World ESG Enhanced (Acc),ISHSIV-M.WLD ESC ENH.DLA,Savings plan,A2PCB4,IE00BHZPJ569,889488
MSCI Europe ESG Enhanced (Dist),ISHSIV-M.EUR.ESC ENH.EOD,Savings plan,A2PDNW,IE00BHZPJ676,889491
MSCI Europe ESG Enhanced (Acc),ISHSIV-M.EUR.ESC ENH.EOA,Savings plan,A2PCB5,IE00BHZPJ783,889494
MSCI USA ESG Enhanced USD (Acc),ISHSIV-M.USA ESC ENH.DLA,Savings plan,A2PCB3,IE00BHZPJ908,889497
MSCI Saudi Arabia Capped,ISHSIII-MSCI S.A.C.UE DLD,Savings plan,A2PGTG,IE00BJ5JPJ87,889500
MSCI Saudi Arabia Capped (Acc),ISHSIII-MSCI S.A.C.UE DLA,Savings plan,A14ZV2,IE00BYYR0489,889521
Thomson Reuters Inclusion and Diversity,ISHSVI-INC.A.DIV.U.E.DLA,Savings plan,A2DVK8,IE00BD0B9B76,767476
Floating Rate Bond,ISHSII-DL FR BD ETF EOD,Savings plan,A2JBMD,IE00BF5GB717,688501
MSCI Europe ESG (Acc),ISHSIV-MSCI EUR.ESG S.EOA,Savings plan,A2N48D,IE00BFNM3D14,767509
MSCI EM IMI ESG (Dist),ISHSIV-MSCI EM IMI ES.DLD,Savings plan,A2N6TJ,IE00BFNM3N12,767533
MSCI EM IMI ESG (Acc),ISHSIV-MSCI EM IMI ES.DLA,Savings plan,A2N6TH,IE00BFNM3P36,767536
Digital Security (Dist),ISHSIV-DG.SEC. DLD,Savings plan,A2JNYG,IE00BG0J4841,767545
Digital Security (Acc),ISHSIV-DIGITIL.SECUR.DL A,Savings plan,A2JMGE,IE00BG0J4C88,767548
MSCI EM Value Factor,ISHSIV-E.MSCI EM VAL. DLA,Savings plan,A2JJAQ,IE00BG0SKF03,806391
USD Corp Bond 0-3yr (Acc) EUR Hedged,ISHSII-DCB S.0-3Y ETFEOHA,Savings plan,A2N9ZM,IE00BG5QQ390,806394
MSCI Europe SRI (Dist),ISHSII-MSCI EUR.SRI EODIS,Savings plan,A2N9LL,IE00BGDPWW94,889461
Electric Vehicles and Driving Technology,ISHS IV-EL.VEH.+DR.T.DLA,Savings plan,A2N9FP,IE00BGL86Z12,820668
MSCI EMU ESG Enhanced (Dist),ISIV-MEMUEE ETF EOD,Savings plan,A2PDNS,IE00BHZPHZ28,889476
MSCI EMU ESG Enhanced (Acc),ISHSIV-M.EMU ESC ENH.EOA,Savings plan,A2PCB1,IE00BHZPJ015,889479